CustomerID,Recency,Frequency,Monetary,R_Score,F_Score,M_Score,RFM_Score,Segment
C10002,624,1,1470.03,2,1,3,6,Needs Attention
C10054,260,1,153.48,3,1,1,5,Potential Loyalist
C10126,744,1,1349.8,1,1,3,5,Lost
C10154,337,1,1303.04,3,1,3,7,Potential Loyalist
C10211,418,1,635.9,3,1,2,6,Potential Loyalist
C10222,643,1,204.08,2,1,1,4,Needs Attention
C10477,790,1,466.42,1,1,2,4,Lost
C10642,384,1,922.74,3,1,3,7,Potential Loyalist
C10787,617,1,1099.28,2,1,3,6,Needs Attention
C10791,559,1,355.09,2,1,1,4,Needs Attention
C10866,553,1,789.57,2,1,2,5,Needs Attention
C10892,346,1,754.94,3,1,2,6,Potential Loyalist
C11127,307,1,1306.65,3,1,3,7,Potential Loyalist
C11210,295,1,454.6,3,1,2,6,Potential Loyalist
C11415,473,1,2876.2,2,1,4,7,Needs Attention
C11473,551,1,146.82,2,1,1,4,Needs Attention
C11644,711,1,46.66,1,1,1,3,Lost
C11657,569,1,264.4,2,1,1,4,Needs Attention
C11665,795,1,337.38,1,1,1,3,Lost
C11676,20,1,929.0,4,1,3,8,New Customer
C11829,58,1,279.14,4,1,1,6,New Customer
C11849,247,1,476.5,3,1,2,6,Potential Loyalist
C11893,284,1,1582.0,3,1,3,7,Potential Loyalist
C11906,181,1,1237.59,4,1,3,8,New Customer
C11921,214,1,452.7,4,1,2,7,New Customer
C11940,665,1,448.02,2,1,2,5,Needs Attention
C11985,633,1,30.44,2,1,1,4,Needs Attention
C11998,135,1,1495.98,4,1,3,8,New Customer
C12039,567,1,132.68,2,1,1,4,Needs Attention
C12245,776,1,815.58,1,1,2,4,Lost
C12301,659,1,531.74,2,1,2,5,Needs Attention
C12388,792,1,2683.6,1,1,4,6,Lost
C12408,675,1,161.54,2,1,1,4,Needs Attention
C12421,795,1,93.02,1,1,1,3,Lost
C12444,287,1,230.88,3,1,1,5,Potential Loyalist
C12459,298,1,284.16,3,1,1,5,Potential Loyalist
C12472,492,1,252.93,2,1,1,4,Needs Attention
C12479,638,1,124.1,2,1,1,4,Needs Attention
C12487,540,1,1427.07,2,1,3,6,Needs Attention
C12607,818,1,281.52,1,1,1,3,Lost
C12609,583,1,547.32,2,1,2,5,Needs Attention
C12667,72,1,223.3,4,1,1,6,New Customer
C12740,649,1,644.75,2,1,2,5,Needs Attention
C12813,108,1,1462.7,4,1,3,8,New Customer
C12818,566,1,191.04,2,1,1,4,Needs Attention
C13100,561,1,1177.64,2,1,3,6,Needs Attention
C13108,432,1,3293.85,3,1,4,8,Potential Loyalist
C13169,594,1,536.07,2,1,2,5,Needs Attention
C13186,672,1,889.68,2,1,3,6,Needs Attention
C13205,888,1,2107.1,1,1,4,6,Lost
C13296,759,1,108.82,1,1,1,3,Lost
C13324,108,1,1199.48,4,1,3,8,New Customer
C13366,726,1,2714.2,1,1,4,6,Lost
C13501,678,1,427.6,2,1,2,5,Needs Attention
C13525,383,1,212.79,3,1,1,5,Potential Loyalist
C13540,758,1,1239.64,1,1,3,5,Lost
C13877,583,1,3384.9,2,1,4,7,Needs Attention
C13923,632,1,118.8,2,1,1,4,Needs Attention
C14005,547,1,80.46,2,1,1,4,Needs Attention
C14017,784,1,1248.32,1,1,3,5,Lost
C14080,369,1,283.69,3,1,1,5,Potential Loyalist
C14114,277,1,1704.06,3,1,4,8,Potential Loyalist
C14240,790,1,491.11,1,1,2,4,Lost
C14427,343,1,533.9,3,1,2,6,Potential Loyalist
C14455,570,1,164.85,2,1,1,4,Needs Attention
C14457,398,1,395.4,3,1,1,5,Potential Loyalist
C14552,890,1,1120.0,1,1,3,5,Lost
C14553,295,1,440.19,3,1,2,6,Potential Loyalist
C14568,871,1,885.32,1,1,3,5,Lost
C14576,439,1,2156.8,3,1,4,8,Potential Loyalist
C14600,712,1,441.8,1,1,2,4,Lost
C14683,20,1,1069.34,4,1,3,8,New Customer
C14737,899,1,581.64,1,1,2,4,Lost
C14837,822,1,183.18,1,1,1,3,Lost
C14847,194,2,1097.81,4,4,3,11,Champion
C14891,465,1,1654.96,2,1,4,7,Needs Attention
C14983,720,1,17.24,1,1,1,3,Lost
C15017,60,1,675.57,4,1,2,7,New Customer
C15063,428,1,426.1,3,1,2,6,Potential Loyalist
C15146,684,1,190.55,2,1,1,4,Needs Attention
C15228,498,1,1422.42,2,1,3,6,Needs Attention
C15257,102,1,580.2,4,1,2,7,New Customer
C15283,584,1,381.02,2,1,1,4,Needs Attention
C15624,161,1,3097.6,4,1,4,9,New Customer
C15629,807,1,912.45,1,1,3,5,Lost
C15681,679,1,2161.64,2,1,4,7,Needs Attention
C15849,190,1,525.43,4,1,2,7,New Customer
C15924,194,1,245.89,4,1,1,6,New Customer
C16012,95,1,630.82,4,1,2,7,New Customer
C16253,8,1,399.4,4,1,1,6,New Customer
C16400,266,1,628.44,3,1,2,6,Potential Loyalist
C16429,462,1,679.65,3,1,2,6,Potential Loyalist
C16612,104,1,600.54,4,1,2,7,New Customer
C16675,22,1,857.4,4,1,3,8,New Customer
C16693,146,1,949.72,4,1,3,8,New Customer
C16702,674,1,1390.17,2,1,3,6,Needs Attention
C16758,242,1,188.31,3,1,1,5,Potential Loyalist
C16775,827,1,3353.75,1,1,4,6,Lost
C16776,666,1,320.0,2,1,1,4,Needs Attention
C16790,815,1,258.96,1,1,1,3,Lost
C17075,341,1,1259.04,3,1,3,7,Potential Loyalist
C17103,543,1,1278.36,2,1,3,6,Needs Attention
C17132,206,1,386.03,4,1,1,6,New Customer
C17136,706,1,641.96,1,1,2,4,Lost
C17181,126,1,2276.65,4,1,4,9,New Customer
C17269,790,1,1733.8,1,1,4,6,Lost
C17302,707,1,359.99,1,1,1,3,Lost
C17388,507,1,317.25,2,1,1,4,Needs Attention
C17389,233,1,522.08,4,1,2,7,New Customer
C17470,244,1,461.9,3,1,2,6,Potential Loyalist
C17551,79,1,518.39,4,1,2,7,New Customer
C17591,641,1,479.76,2,1,2,5,Needs Attention
C17921,862,1,1210.6,1,1,3,5,Lost
C17966,623,1,185.74,2,1,1,4,Needs Attention
C18037,846,1,140.68,1,1,1,3,Lost
C18076,578,1,1766.22,2,1,4,7,Needs Attention
C18104,228,1,635.9,4,1,2,7,New Customer
C18105,249,1,2332.08,3,1,4,8,Potential Loyalist
C18138,817,1,1618.38,1,1,4,6,Lost
C18167,471,1,887.84,2,1,3,6,Needs Attention
C18169,59,1,929.84,4,1,3,8,New Customer
C18187,225,1,605.28,4,1,2,7,New Customer
C18353,28,1,1299.99,4,1,3,8,New Customer
C18404,854,1,3370.2,1,1,4,6,Lost
C18473,17,1,840.58,4,1,3,8,New Customer
C18567,647,1,365.84,2,1,1,4,Needs Attention
C18583,681,1,1822.1,2,1,4,7,Needs Attention
C18717,828,1,2793.15,1,1,4,6,Lost
C18724,387,1,616.1,3,1,2,6,Potential Loyalist
C18820,750,1,2573.0,1,1,4,6,Lost
C18826,672,1,1443.3,2,1,3,6,Needs Attention
C18944,893,1,1575.2,1,1,3,5,Lost
C18984,453,1,1767.9,3,1,4,8,Potential Loyalist
C19071,127,1,1352.94,4,1,3,8,New Customer
C19266,850,1,442.17,1,1,2,4,Lost
C19368,74,1,646.44,4,1,2,7,New Customer
C19384,555,1,351.16,2,1,1,4,Needs Attention
C19402,560,1,1204.68,2,1,3,6,Needs Attention
C19439,26,1,440.34,4,1,2,7,New Customer
C19451,191,1,2357.76,4,1,4,9,New Customer
C19648,284,1,2673.44,3,1,4,8,Potential Loyalist
C19722,396,1,596.24,3,1,2,6,Potential Loyalist
C19742,657,1,332.09,2,1,1,4,Needs Attention
C19759,180,1,1176.6,4,1,3,8,New Customer
C19937,36,1,438.34,4,1,2,7,New Customer
C20077,482,1,2372.88,2,1,4,7,Needs Attention
C20095,484,1,1325.06,2,1,3,6,Needs Attention
C20124,561,1,177.46,2,1,1,4,Needs Attention
C20212,574,1,1834.35,2,1,4,7,Needs Attention
C20256,202,1,1616.22,4,1,4,9,New Customer
C20257,550,1,1343.9,2,1,3,6,Needs Attention
C20286,288,1,571.9,3,1,2,6,Potential Loyalist
C20338,189,1,370.85,4,1,1,6,New Customer
C20357,384,1,2077.32,3,1,4,8,Potential Loyalist
C20448,686,1,296.44,2,1,1,4,Needs Attention
C20512,713,1,2763.12,1,1,4,6,Lost
C20624,108,1,479.56,4,1,2,7,New Customer
C20643,501,1,2011.96,2,1,4,7,Needs Attention
C20670,448,1,935.82,3,1,3,7,Potential Loyalist
C20731,774,1,1777.76,1,1,4,6,Lost
C20752,557,1,572.13,2,1,2,5,Needs Attention
C20817,777,1,3078.35,1,1,4,6,Lost
C20861,43,1,2441.75,4,1,4,9,New Customer
C20881,714,1,1288.1,1,1,3,5,Lost
C20977,751,1,1740.48,1,1,4,6,Lost
C21043,348,1,694.5,3,1,2,6,Potential Loyalist
C21126,376,1,107.04,3,1,1,5,Potential Loyalist
C21147,746,1,335.1,1,1,1,3,Lost
C21167,871,1,2235.6,1,1,4,6,Lost
C21181,450,1,1350.2,3,1,3,7,Potential Loyalist
C21191,46,2,647.77,4,4,2,10,Loyal
C21227,874,1,590.87,1,1,2,4,Lost
C21437,417,1,222.73,3,1,1,5,Potential Loyalist
C21665,640,1,1700.72,2,1,4,7,Needs Attention
C21905,558,1,298.06,2,1,1,4,Needs Attention
C21944,482,1,297.75,2,1,1,4,Needs Attention
C21953,285,1,250.46,3,1,1,5,Potential Loyalist
C22101,840,1,265.2,1,1,1,3,Lost
C22123,646,1,672.89,2,1,2,5,Needs Attention
C22167,681,1,2178.3,2,1,4,7,Needs Attention
C22429,730,1,604.8,1,1,2,4,Lost
C22534,893,1,529.19,1,1,2,4,Lost
C22657,551,1,1901.91,2,1,4,7,Needs Attention
C22783,293,1,2771.64,3,1,4,8,Potential Loyalist
C22919,52,1,195.86,4,1,1,6,New Customer
C22981,442,1,472.2,3,1,2,6,Potential Loyalist
C22991,92,1,252.68,4,1,1,6,New Customer
C23279,707,1,87.34,1,1,1,3,Lost
C23334,411,1,331.06,3,1,1,5,Potential Loyalist
C23405,312,1,2780.4,3,1,4,8,Potential Loyalist
C23555,624,1,1633.44,2,1,4,7,Needs Attention
C23637,762,1,553.56,1,1,2,4,Lost
C23899,97,1,1358.45,4,1,3,8,New Customer
C23917,796,1,127.55,1,1,1,3,Lost
C23947,775,1,120.98,1,1,1,3,Lost
C23978,274,1,576.35,3,1,2,6,Potential Loyalist
C24047,787,1,937.8,1,1,3,5,Lost
C24212,632,1,322.08,2,1,1,4,Needs Attention
C24301,248,1,1284.08,3,1,3,7,Potential Loyalist
C24347,135,1,646.9,4,1,2,7,New Customer
C24369,475,1,1079.19,2,1,3,6,Needs Attention
C24751,572,1,2506.3,2,1,4,7,Needs Attention
C24765,362,1,719.72,3,1,2,6,Potential Loyalist
C24769,604,1,57.1,2,1,1,4,Needs Attention
C24884,344,1,260.26,3,1,1,5,Potential Loyalist
C24901,788,1,299.7,1,1,1,3,Lost
C25110,1,1,126.42,4,1,1,6,New Customer
C25123,767,1,629.21,1,1,2,4,Lost
C25149,641,1,1054.48,2,1,3,6,Needs Attention
C25162,600,1,688.36,2,1,2,5,Needs Attention
C25268,119,1,665.11,4,1,2,7,New Customer
C25276,767,1,3313.9,1,1,4,6,Lost
C25316,369,1,79.06,3,1,1,5,Potential Loyalist
C25382,738,1,454.35,1,1,2,4,Lost
C25406,195,1,161.24,4,1,1,6,New Customer
C25445,153,1,658.5,4,1,2,7,New Customer
C25503,566,1,211.14,2,1,1,4,Needs Attention
C25534,890,1,984.2,1,1,3,5,Lost
C25580,852,1,1563.36,1,1,3,5,Lost
C25587,204,1,48.4,4,1,1,6,New Customer
C25783,101,1,1253.4,4,1,3,8,New Customer
C25841,398,1,904.65,3,1,3,7,Potential Loyalist
C25918,698,1,666.95,1,1,2,4,Lost
C25967,532,1,1709.8,2,1,4,7,Needs Attention
C26118,828,1,144.78,1,1,1,3,Lost
C26137,111,1,856.18,4,1,3,8,New Customer
C26152,382,1,972.7,3,1,3,7,Potential Loyalist
C26163,363,1,625.1,3,1,2,6,Potential Loyalist
C26188,803,1,618.68,1,1,2,4,Lost
C26210,582,1,1334.25,2,1,3,6,Needs Attention
C26223,270,1,657.07,3,1,2,6,Potential Loyalist
C26340,475,1,369.2,2,1,1,4,Needs Attention
C26364,807,1,1314.24,1,1,3,5,Lost
C26445,732,1,1500.24,1,1,3,5,Lost
C26637,670,1,869.8,2,1,3,6,Needs Attention
C26718,152,1,1052.36,4,1,3,8,New Customer
C26767,691,1,303.6,2,1,1,4,Needs Attention
C26817,90,1,268.56,4,1,1,6,New Customer
C26966,787,1,1872.9,1,1,4,6,Lost
C27070,267,1,2612.52,3,1,4,8,Potential Loyalist
C27072,16,1,463.11,4,1,2,7,New Customer
C27078,241,1,1181.9,3,1,3,7,Potential Loyalist
C27202,316,1,3267.35,3,1,4,8,Potential Loyalist
C27203,866,1,1040.85,1,1,3,5,Lost
C27305,341,1,1390.58,3,1,3,7,Potential Loyalist
C27401,219,1,1619.73,4,1,4,9,New Customer
C27430,147,1,474.25,4,1,2,7,New Customer
C27435,400,1,2104.9,3,1,4,8,Potential Loyalist
C27438,598,1,70.32,2,1,1,4,Needs Attention
C27613,369,1,2462.6,3,1,4,8,Potential Loyalist
C27898,631,1,2513.55,2,1,4,7,Needs Attention
C28049,772,1,1293.38,1,1,3,5,Lost
C28152,50,1,1714.59,4,1,4,9,New Customer
C28386,451,1,277.09,3,1,1,5,Potential Loyalist
C28406,45,1,23.53,4,1,1,6,New Customer
C28552,126,1,29.86,4,1,1,6,New Customer
C28648,429,1,1895.44,3,1,4,8,Potential Loyalist
C28712,421,1,303.32,3,1,1,5,Potential Loyalist
C28740,732,1,1670.97,1,1,4,6,Lost
C28828,147,1,395.88,4,1,1,6,New Customer
C28889,119,1,258.87,4,1,1,6,New Customer
C28893,233,1,620.21,4,1,2,7,New Customer
C28976,889,1,1067.62,1,1,3,5,Lost
C29041,735,1,1768.68,1,1,4,6,Lost
C29059,160,1,1503.9,4,1,3,8,New Customer
C29063,275,1,478.75,3,1,2,6,Potential Loyalist
C29072,844,1,687.98,1,1,2,4,Lost
C29092,398,1,60.04,3,1,1,5,Potential Loyalist
C29314,754,1,788.6,1,1,2,4,Lost
C29318,354,1,24.48,3,1,1,5,Potential Loyalist
C29405,112,1,448.74,4,1,2,7,New Customer
C29416,156,1,150.17,4,1,1,6,New Customer
C29432,777,1,1406.22,1,1,3,5,Lost
C29467,755,1,191.76,1,1,1,3,Lost
C29483,314,1,1222.88,3,1,3,7,Potential Loyalist
C29568,386,1,194.44,3,1,1,5,Potential Loyalist
C29620,615,1,460.13,2,1,2,5,Needs Attention
C29685,524,1,1923.45,2,1,4,7,Needs Attention
C29697,388,1,401.82,3,1,1,5,Potential Loyalist
C29701,77,1,61.62,4,1,1,6,New Customer
C29703,562,1,2790.0,2,1,4,7,Needs Attention
C29758,651,1,798.64,2,1,2,5,Needs Attention
C29844,73,1,877.24,4,1,3,8,New Customer
C29885,590,1,568.32,2,1,2,5,Needs Attention
C29905,471,1,1067.9,2,1,3,6,Needs Attention
C29914,332,1,133.39,3,1,1,5,Potential Loyalist
C29931,636,1,612.36,2,1,2,5,Needs Attention
C30010,67,1,382.23,4,1,1,6,New Customer
C30168,311,1,933.99,3,1,3,7,Potential Loyalist
C30184,642,1,427.06,2,1,2,5,Needs Attention
C30334,572,1,267.1,2,1,1,4,Needs Attention
C30411,70,1,2551.16,4,1,4,9,New Customer
C30477,80,1,201.58,4,1,1,6,New Customer
C30513,296,1,586.44,3,1,2,6,Potential Loyalist
C30643,385,1,918.87,3,1,3,7,Potential Loyalist
C30686,18,1,1614.32,4,1,4,9,New Customer
C30711,528,1,278.66,2,1,1,4,Needs Attention
C30722,643,1,1333.9,2,1,3,6,Needs Attention
C30923,885,1,654.27,1,1,2,4,Lost
C30955,604,1,167.6,2,1,1,4,Needs Attention
C31072,441,1,916.4,3,2,3,8,Potential Loyalist
C31105,782,1,583.99,1,2,2,5,Lost
C31371,571,1,507.36,2,2,2,6,At Risk
C31412,364,1,2042.32,3,2,4,9,Potential Loyalist
C31501,4,1,1764.15,4,2,4,10,New Customer
C31668,403,1,569.35,3,2,2,7,Potential Loyalist
C31761,242,1,2600.16,3,2,4,9,Potential Loyalist
C31764,207,1,655.09,4,2,2,8,New Customer
C31772,721,1,693.41,1,2,2,5,Lost
C31810,880,1,178.44,1,2,1,4,Lost
C31946,588,1,2037.52,2,2,4,8,At Risk
C32011,125,1,628.89,4,2,2,8,New Customer
C32029,329,1,701.44,3,2,2,7,Potential Loyalist
C32121,139,1,795.24,4,2,2,8,New Customer
C32183,127,1,1985.67,4,2,4,10,New Customer
C32347,566,1,249.81,2,2,1,5,At Risk
C32570,624,1,11.39,2,2,1,5,At Risk
C32580,582,1,1874.95,2,2,4,8,At Risk
C32650,400,1,1210.52,3,2,3,8,Potential Loyalist
C32687,197,1,852.44,4,2,3,9,New Customer
C32798,289,1,993.24,3,2,3,8,Potential Loyalist
C32854,862,1,65.45,1,2,1,4,Lost
C32943,662,1,824.28,2,2,2,6,At Risk
C32956,342,1,2715.8,3,2,4,9,Potential Loyalist
C32960,578,1,2223.8,2,2,4,8,At Risk
C33051,434,1,883.08,3,2,3,8,Potential Loyalist
C33099,185,1,241.9,4,2,1,7,New Customer
C33110,31,1,1584.42,4,2,3,9,New Customer
C33220,866,1,1852.16,1,2,4,7,Lost
C33260,284,1,1270.59,3,2,3,8,Potential Loyalist
C33313,63,1,1738.65,4,2,4,10,New Customer
C33315,387,1,1687.65,3,2,4,9,Potential Loyalist
C33540,625,1,273.19,2,2,1,5,At Risk
C33634,882,1,2355.4,1,2,4,7,Lost
C33729,823,1,1978.71,1,2,4,7,Lost
C33744,784,1,2307.48,1,2,4,7,Lost
C33802,338,1,604.87,3,2,2,7,Potential Loyalist
C34134,86,1,254.12,4,2,1,7,New Customer
C34266,126,1,2519.52,4,2,4,10,New Customer
C34337,344,1,950.55,3,2,3,8,Potential Loyalist
C34416,884,1,99.24,1,2,1,4,Lost
C34555,842,1,372.8,1,2,1,4,Lost
C34686,95,1,68.39,4,2,1,7,New Customer
C35043,118,1,132.15,4,2,1,7,New Customer
C35091,459,1,211.14,3,2,1,6,Potential Loyalist
C35100,198,1,639.82,4,2,2,8,New Customer
C35117,56,1,1395.86,4,2,3,9,New Customer
C35123,383,1,1546.92,3,2,3,8,Potential Loyalist
C35136,834,1,634.94,1,2,2,5,Lost
C35168,889,1,1199.72,1,2,3,6,Lost
C35355,437,1,1327.6,3,2,3,8,Potential Loyalist
C35377,766,1,3119.05,1,2,4,7,Lost
C35397,38,1,331.55,4,2,1,7,New Customer
C35483,304,1,671.1,3,2,2,7,Potential Loyalist
C35566,868,1,258.76,1,2,1,4,Lost
C35628,219,1,1660.71,4,2,4,10,New Customer
C35669,375,1,2894.15,3,2,4,9,Potential Loyalist
C35711,304,1,1308.48,3,2,3,8,Potential Loyalist
C35785,450,1,427.82,3,2,2,7,Potential Loyalist
C35852,121,2,1248.39,4,4,3,11,Champion
C35854,672,1,939.85,2,2,3,7,At Risk
C35983,478,1,3137.15,2,2,4,8,At Risk
C35987,666,1,3267.3,2,2,4,8,At Risk
C36014,751,1,869.94,1,2,3,6,Lost
C36137,219,1,717.24,4,2,2,8,New Customer
C36150,634,1,1069.82,2,2,3,7,At Risk
C36174,396,1,926.94,3,2,3,8,Potential Loyalist
C36383,271,1,2107.2,3,2,4,9,Potential Loyalist
C36408,533,1,3075.5,2,2,4,8,At Risk
C36467,709,1,75.78,1,2,1,4,Lost
C36492,305,1,45.94,3,2,1,6,Potential Loyalist
C36497,679,1,86.3,2,2,1,5,At Risk
C36534,598,1,1963.62,2,2,4,8,At Risk
C36540,652,1,728.32,2,2,2,6,At Risk
C36613,675,1,1894.92,2,2,4,8,At Risk
C36688,802,1,305.17,1,2,1,4,Lost
C36725,247,1,3253.6,3,2,4,9,Potential Loyalist
C36778,183,1,388.33,4,2,1,7,New Customer
C36813,596,1,1842.45,2,2,4,8,At Risk
C36825,855,1,877.52,1,2,3,6,Lost
C36938,145,1,761.94,4,2,2,8,New Customer
C36992,718,1,671.37,1,2,2,5,Lost
C36997,662,1,745.64,2,2,2,6,At Risk
C37032,690,1,847.76,2,2,3,7,At Risk
C37235,760,1,151.04,1,2,1,4,Lost
C37249,617,1,491.72,2,2,2,6,At Risk
C37375,530,1,1036.46,2,2,3,7,At Risk
C37412,714,1,432.47,1,2,2,5,Lost
C37454,21,1,1303.35,4,2,3,9,New Customer
C37455,618,1,2380.05,2,2,4,8,At Risk
C37531,479,1,1349.3,2,2,3,7,At Risk
C37594,385,1,1361.2,3,2,3,8,Potential Loyalist
C37969,577,1,362.46,2,2,1,5,At Risk
C38024,420,1,546.86,3,2,2,7,Potential Loyalist
C38065,852,1,1178.55,1,2,3,6,Lost
C38068,394,1,1302.65,3,2,3,8,Potential Loyalist
C38126,194,1,2060.76,4,2,4,10,New Customer
C38134,713,1,419.88,1,2,2,5,Lost
C38262,518,1,155.27,2,2,1,5,At Risk
C38557,65,1,1915.5,4,2,4,10,New Customer
C38642,680,1,1046.0,2,2,3,7,At Risk
C38669,865,1,405.28,1,2,1,4,Lost
C38785,259,1,361.0,3,2,1,6,Potential Loyalist
C38840,388,2,5723.23,3,4,4,11,Loyal
C38845,350,1,532.89,3,2,2,7,Potential Loyalist
C38928,290,1,1671.56,3,2,4,9,Potential Loyalist
C38966,304,1,2021.95,3,2,4,9,Potential Loyalist
C39000,302,1,287.46,3,2,1,6,Potential Loyalist
C39017,720,1,994.38,1,2,3,6,Lost
C39074,615,1,3032.6,2,2,4,8,At Risk
C39106,510,1,546.19,2,2,2,6,At Risk
C39130,678,1,226.55,2,2,1,5,At Risk
C39176,840,1,1737.68,1,2,4,7,Lost
C39246,439,1,931.4,3,2,3,8,Potential Loyalist
C39256,314,1,417.1,3,2,2,7,Potential Loyalist
C39260,688,1,427.66,2,2,2,6,At Risk
C39416,715,1,473.96,1,2,2,5,Lost
C39530,250,1,1704.15,3,2,4,9,Potential Loyalist
C39550,48,1,558.27,4,2,2,8,New Customer
C39551,877,1,76.93,1,2,1,4,Lost
C39593,585,1,2078.13,2,2,4,8,At Risk
C39638,123,1,2161.32,4,2,4,10,New Customer
C39639,167,1,65.95,4,2,1,7,New Customer
C39648,579,1,465.33,2,2,2,6,At Risk
C39664,340,1,946.25,3,2,3,8,Potential Loyalist
C39671,552,1,217.56,2,2,1,5,At Risk
C39791,532,1,597.06,2,2,2,6,At Risk
C39906,352,1,75.01,3,2,1,6,Potential Loyalist
C39911,673,1,2073.6,2,2,4,8,At Risk
C40136,845,1,1039.56,1,2,3,6,Lost
C40140,496,1,363.2,2,2,1,5,At Risk
C40201,279,1,185.82,3,2,1,6,Potential Loyalist
C40304,30,1,479.36,4,2,2,8,New Customer
C40427,681,1,613.98,2,2,2,6,At Risk
C40466,300,1,541.64,3,2,2,7,Potential Loyalist
C40538,218,1,423.64,4,2,2,8,New Customer
C40648,845,1,603.76,1,2,2,5,Lost
C40771,199,1,697.96,4,2,2,8,New Customer
C40798,880,1,1081.98,1,2,3,6,Lost
C40863,219,1,489.39,4,2,2,8,New Customer
C40882,158,1,868.52,4,2,3,9,New Customer
C40949,304,1,1105.26,3,2,3,8,Potential Loyalist
C40967,107,1,287.25,4,2,1,7,New Customer
C41132,820,1,381.61,1,2,1,4,Lost
C41137,155,1,1347.39,4,2,3,9,New Customer
C41284,457,1,737.92,3,2,2,7,Potential Loyalist
C41320,331,1,1709.52,3,2,4,9,Potential Loyalist
C41331,768,1,1203.05,1,2,3,6,Lost
C41460,781,1,747.75,1,2,2,5,Lost
C41478,688,1,2138.28,2,2,4,8,At Risk
C41508,371,1,429.96,3,2,2,7,Potential Loyalist
C41598,568,1,1472.76,2,2,3,7,At Risk
C41709,746,1,712.7,1,2,2,5,Lost
C41903,631,1,160.8,2,2,1,5,At Risk
C41974,213,1,2099.79,4,2,4,10,New Customer
C42108,377,1,641.36,3,2,2,7,Potential Loyalist
C42235,609,1,1193.44,2,2,3,7,At Risk
C42270,433,1,482.98,3,2,2,7,Potential Loyalist
C42306,434,1,612.81,3,2,2,7,Potential Loyalist
C42365,220,1,214.08,4,2,1,7,New Customer
C42372,83,1,1093.0,4,2,3,9,New Customer
C42451,81,1,665.05,4,2,2,8,New Customer
C42577,342,1,399.98,3,2,1,6,Potential Loyalist
C42949,580,1,660.66,2,2,2,6,At Risk
C43124,789,1,2773.44,1,2,4,7,Lost
C43212,370,1,2200.56,3,2,4,9,Potential Loyalist
C43249,115,1,1391.43,4,2,3,9,New Customer
C43330,552,1,580.47,2,2,2,6,At Risk
C43335,3,1,548.24,4,2,2,8,New Customer
C43338,782,1,1435.95,1,2,3,6,Lost
C43443,550,1,3129.85,2,2,4,8,At Risk
C43524,538,1,2621.3,2,2,4,8,At Risk
C43538,49,1,1290.18,4,2,3,9,New Customer
C43545,191,1,1876.25,4,2,4,10,New Customer
C43546,23,1,485.91,4,2,2,8,New Customer
C43595,49,1,2807.4,4,2,4,10,New Customer
C43721,876,1,131.61,1,2,1,4,Lost
C43842,255,1,1303.14,3,2,3,8,Potential Loyalist
C43867,341,1,524.06,3,2,2,7,Potential Loyalist
C43911,751,1,1674.84,1,2,4,7,Lost
C43919,257,1,1804.8,3,2,4,9,Potential Loyalist
C43965,171,1,359.92,4,2,1,7,New Customer
C44148,141,1,1505.72,4,2,3,9,New Customer
C44176,123,1,77.64,4,2,1,7,New Customer
C44267,101,1,853.4,4,2,3,9,New Customer
C44277,429,1,458.63,3,2,2,7,Potential Loyalist
C44366,909,1,776.44,1,2,2,5,Lost
C44492,616,1,277.05,2,2,1,5,At Risk
C44619,118,1,475.11,4,2,2,8,New Customer
C44674,232,1,627.34,4,2,2,8,New Customer
C44733,122,1,87.06,4,2,1,7,New Customer
C44778,615,1,153.0,2,2,1,5,At Risk
C45104,15,1,687.89,4,2,2,8,New Customer
C45175,905,1,70.82,1,2,1,4,Lost
C45187,734,1,420.65,1,2,2,5,Lost
C45482,845,1,198.2,1,2,1,4,Lost
C45599,866,1,2379.75,1,2,4,7,Lost
C45671,487,1,1314.96,2,2,3,7,At Risk
C45862,703,1,176.1,1,2,1,4,Lost
C45899,556,1,1285.96,2,2,3,7,At Risk
C46015,225,1,1812.3,4,2,4,10,New Customer
C46210,280,1,1286.64,3,2,3,8,Potential Loyalist
C46316,56,1,930.36,4,2,3,9,New Customer
C46504,861,1,745.84,1,2,2,5,Lost
C46509,490,1,1174.98,2,2,3,7,At Risk
C46557,470,1,237.18,2,2,1,5,At Risk
C46651,468,2,1360.8899999999999,2,4,3,9,At Risk
C46873,298,1,1965.16,3,2,4,9,Potential Loyalist
C46877,149,1,210.7,4,2,1,7,New Customer
C46886,23,1,1849.17,4,2,4,10,New Customer
C46920,527,1,1362.12,2,2,3,7,At Risk
C46967,556,1,1026.84,2,2,3,7,At Risk
C47022,450,1,500.97,3,2,2,7,Potential Loyalist
C47086,692,1,609.16,2,2,2,6,At Risk
C47283,414,1,263.96,3,2,1,6,Potential Loyalist
C47284,283,1,893.01,3,2,3,8,Potential Loyalist
C47307,607,1,1202.86,2,2,3,7,At Risk
C47365,59,1,82.0,4,2,1,7,New Customer
C47486,209,1,320.92,4,2,1,7,New Customer
C47761,835,1,1165.4,1,2,3,6,Lost
C47778,610,1,3334.0,2,2,4,8,At Risk
C47823,210,1,956.72,4,2,3,9,New Customer
C48120,96,1,280.25,4,2,1,7,New Customer
C48176,225,1,1736.92,4,2,4,10,New Customer
C48207,450,1,833.62,3,2,2,7,Potential Loyalist
C48453,377,1,3194.0,3,2,4,9,Potential Loyalist
C48510,76,1,1042.8,4,2,3,9,New Customer
C48531,206,1,30.54,4,2,1,7,New Customer
C48577,337,1,1640.84,3,2,4,9,Potential Loyalist
C48601,766,1,414.47,1,2,1,4,Lost
C48646,382,1,1159.1,3,2,3,8,Potential Loyalist
C48649,342,1,204.36,3,2,1,6,Potential Loyalist
C48713,478,1,159.8,2,2,1,5,At Risk
C48790,344,1,107.7,3,2,1,6,Potential Loyalist
C48846,31,1,904.1,4,2,3,9,New Customer
C48939,727,1,2147.25,1,2,4,7,Lost
C48942,584,1,2654.68,2,2,4,8,At Risk
C48946,60,1,309.85,4,2,1,7,New Customer
C48965,609,1,299.35,2,2,1,5,At Risk
C49009,888,1,537.4,1,2,2,5,Lost
C49111,124,1,1510.17,4,2,3,9,New Customer
C49137,3,1,598.46,4,2,2,8,New Customer
C49187,846,1,535.5,1,2,2,5,Lost
C49198,684,1,1940.37,2,2,4,8,At Risk
C49282,747,1,253.7,1,2,1,4,Lost
C49491,811,1,114.7,1,2,1,4,Lost
C49517,178,1,594.96,4,2,2,8,New Customer
C49605,417,1,457.82,3,2,2,7,Potential Loyalist
C49710,535,1,1637.12,2,2,4,8,At Risk
C49720,6,1,391.83,4,2,1,7,New Customer
C49726,595,1,17.98,2,2,1,5,At Risk
C49831,579,1,1474.29,2,2,3,7,At Risk
C49838,372,1,1105.66,3,2,3,8,Potential Loyalist
C49938,301,1,62.12,3,2,1,6,Potential Loyalist
C49995,831,1,984.44,1,2,3,6,Lost
C50087,624,1,366.33,2,2,1,5,At Risk
C50097,344,1,2339.05,3,2,4,9,Potential Loyalist
C50114,93,1,98.16,4,2,1,7,New Customer
C50121,403,1,583.18,3,2,2,7,Potential Loyalist
C50137,725,1,59.19,1,2,1,4,Lost
C50159,582,1,667.02,2,2,2,6,At Risk
C50211,435,1,53.0,3,2,1,6,Potential Loyalist
C50236,37,1,2463.32,4,2,4,10,New Customer
C50274,709,1,1528.26,1,2,3,6,Lost
C50275,300,1,269.65,3,2,1,6,Potential Loyalist
C50304,206,1,930.3,4,2,3,9,New Customer
C50415,264,1,2830.35,3,2,4,9,Potential Loyalist
C50422,130,1,1129.16,4,2,3,9,New Customer
C50565,301,1,411.34,3,2,1,6,Potential Loyalist
C50612,536,1,226.64,2,2,1,5,At Risk
C50682,217,1,501.96,4,2,2,8,New Customer
C50683,625,1,576.42,2,2,2,6,At Risk
C50732,202,1,590.04,4,2,2,8,New Customer
C50967,878,1,364.8,1,2,1,4,Lost
C51024,699,1,489.8,1,2,2,5,Lost
C51145,441,1,2403.24,3,2,4,9,Potential Loyalist
C51157,653,1,1778.61,2,2,4,8,At Risk
C51404,530,1,378.12,2,2,1,5,At Risk
C51481,739,1,1244.2,1,2,3,6,Lost
C51494,115,1,977.74,4,2,3,9,New Customer
C51694,310,1,1361.7,3,2,3,8,Potential Loyalist
C51811,760,1,1335.36,1,2,3,6,Lost
C51898,525,1,898.44,2,2,3,7,At Risk
C51921,690,1,1318.59,2,2,3,7,At Risk
C52184,757,1,162.77,1,2,1,4,Lost
C52313,590,1,836.52,2,2,3,7,At Risk
C52342,144,1,369.15,4,2,1,7,New Customer
C52604,220,1,506.5,4,2,2,8,New Customer
C52717,73,1,2756.35,4,2,4,10,New Customer
C52751,613,1,1055.72,2,2,3,7,At Risk
C52879,56,1,3194.6,4,2,4,10,New Customer
C52914,835,1,839.96,1,2,3,6,Lost
C52915,566,1,657.08,2,2,2,6,At Risk
C53049,577,1,1126.12,2,2,3,7,At Risk
C53070,446,1,2048.24,3,2,4,9,Potential Loyalist
C53215,742,1,265.38,1,2,1,4,Lost
C53252,401,1,570.32,3,2,2,7,Potential Loyalist
C53277,133,1,1595.16,4,2,3,9,New Customer
C53334,695,1,1496.04,1,2,3,6,Lost
C53464,367,1,3299.25,3,2,4,9,Potential Loyalist
C53488,415,1,410.52,3,3,1,7,Loyal
C53501,388,1,249.57,3,3,1,7,Loyal
C53545,733,1,1084.17,1,3,3,7,Lost Champion
C53627,601,1,1527.45,2,3,3,8,At Risk
C53631,20,1,595.89,4,3,2,9,Loyal
C53645,137,1,1450.59,4,3,3,10,Champion
C53697,735,1,827.36,1,3,2,6,Lost Champion
C53810,390,1,2358.28,3,3,4,10,Loyal
C54160,749,1,1010.13,1,3,3,7,Lost Champion
C54277,111,1,519.16,4,3,2,9,Loyal
C54298,772,1,1437.63,1,3,3,7,Lost Champion
C54390,179,1,580.74,4,3,2,9,Loyal
C54409,68,1,1018.17,4,3,3,10,Champion
C54494,668,1,352.92,2,3,1,6,At Risk
C54499,576,1,668.48,2,3,2,7,At Risk
C54595,105,1,121.96,4,3,1,8,Loyal
C54675,912,1,1291.7,1,3,3,7,Lost Champion
C54725,53,1,289.32,4,3,1,8,Loyal
C54759,216,1,109.29,4,3,1,8,Loyal
C54829,785,1,312.55,1,3,1,5,Lost Champion
C54886,371,1,355.15,3,3,1,7,Loyal
C55164,838,1,1979.64,1,3,4,8,Lost Champion
C55205,448,1,793.4,3,3,2,8,Loyal
C55286,496,1,2873.95,2,3,4,9,At Risk
C55354,305,1,684.22,3,3,2,8,Loyal
C55388,827,1,1213.86,1,3,3,7,Lost Champion
C55454,792,1,677.48,1,3,2,6,Lost Champion
C55464,232,1,601.36,4,3,2,9,Loyal
C55590,194,1,625.51,4,3,2,9,Loyal
C55606,59,1,1102.0,4,3,3,10,Champion
C55632,696,1,2158.45,1,3,4,8,Lost Champion
C55636,802,1,1702.4,1,3,4,8,Lost Champion
C55757,660,1,922.26,2,3,3,8,At Risk
C55778,600,1,551.9,2,3,2,7,At Risk
C55819,669,1,1268.75,2,3,3,8,At Risk
C55996,718,1,2543.45,1,3,4,8,Lost Champion
C56266,276,1,640.88,3,3,2,8,Loyal
C56506,478,1,773.52,2,3,2,7,At Risk
C56553,351,1,212.43,3,3,1,7,Loyal
C56564,118,1,507.48,4,3,2,9,Loyal
C56622,84,1,1095.34,4,3,3,10,Champion
C56722,89,1,110.35,4,3,1,8,Loyal
C56796,137,1,678.38,4,3,2,9,Loyal
C56851,609,1,958.15,2,3,3,8,At Risk
C56928,539,1,1435.0,2,3,3,8,At Risk
C56938,18,1,1117.8,4,3,3,10,Champion
C56969,539,2,193.0,2,4,1,7,At Risk
C57093,509,1,553.41,2,3,2,7,At Risk
C57276,684,1,3456.4,2,3,4,9,At Risk
C57502,751,1,2242.32,1,3,4,8,Lost Champion
C57601,295,1,294.6,3,3,1,7,Loyal
C57798,446,1,2308.32,3,3,4,10,Loyal
C57861,116,1,915.48,4,3,3,10,Champion
C57867,776,1,1543.68,1,3,3,7,Lost Champion
C58063,324,1,987.26,3,3,3,9,Loyal
C58108,812,1,2517.36,1,3,4,8,Lost Champion
C58156,228,1,95.1,4,3,1,8,Loyal
C58168,403,1,754.44,3,3,2,8,Loyal
C58341,462,1,639.83,3,3,2,8,Loyal
C58410,690,1,645.46,2,3,2,7,At Risk
C58443,666,1,848.64,2,3,3,8,At Risk
C58503,42,1,1402.6,4,3,3,10,Champion
C58638,457,1,1531.52,3,3,3,9,Loyal
C58721,120,1,617.58,4,3,2,9,Loyal
C58773,491,1,2567.45,2,3,4,9,At Risk
C58808,235,1,539.66,3,3,2,8,Loyal
C58858,211,1,674.64,4,3,2,9,Loyal
C59139,50,1,458.35,4,3,2,9,Loyal
C59169,722,1,2517.36,1,3,4,8,Lost Champion
C59183,854,1,3322.55,1,3,4,8,Lost Champion
C59278,259,1,2360.05,3,3,4,10,Loyal
C59337,54,1,1068.86,4,3,3,10,Champion
C59338,492,1,2070.9,2,3,4,9,At Risk
C59441,508,1,2092.65,2,3,4,9,At Risk
C59554,197,1,912.08,4,3,3,10,Champion
C59572,826,1,542.07,1,3,2,6,Lost Champion
C59579,910,1,897.7,1,3,3,7,Lost Champion
C59685,887,1,788.32,1,3,2,6,Lost Champion
C59724,204,1,819.5,4,3,2,9,Loyal
C59752,908,1,1538.8,1,3,3,7,Lost Champion
C59774,442,1,72.6,3,3,1,7,Loyal
C59823,588,1,640.28,2,3,2,7,At Risk
C60029,907,1,1524.36,1,3,3,7,Lost Champion
C60037,166,1,1054.92,4,3,3,10,Champion
C60042,865,1,1761.24,1,3,4,8,Lost Champion
C60178,911,1,1023.45,1,3,3,7,Lost Champion
C60190,898,1,1898.76,1,3,4,8,Lost Champion
C60203,400,1,583.7,3,3,2,8,Loyal
C60215,238,1,334.4,3,3,1,7,Loyal
C60329,431,1,2476.75,3,3,4,10,Loyal
C60355,290,1,1000.58,3,3,3,9,Loyal
C60361,380,1,1948.1,3,3,4,10,Loyal
C60384,635,1,1484.28,2,3,3,8,At Risk
C60547,877,1,257.0,1,3,1,5,Lost Champion
C60572,565,1,1497.63,2,3,3,8,At Risk
C60575,348,1,1959.3,3,3,4,10,Loyal
C60672,486,1,423.4,2,3,2,7,At Risk
C60699,534,1,1235.85,2,3,3,8,At Risk
C61070,362,1,951.56,3,3,3,9,Loyal
C61090,450,1,2062.36,3,3,4,10,Loyal
C61162,353,1,721.0,3,3,2,8,Loyal
C61225,857,1,1300.5,1,3,3,7,Lost Champion
C61257,361,1,507.34,3,3,2,8,Loyal
C61280,403,1,1472.22,3,3,3,9,Loyal
C61384,451,1,802.35,3,3,2,8,Loyal
C61440,813,1,583.9,1,3,2,6,Lost Champion
C61521,415,1,690.02,3,3,2,8,Loyal
C61549,407,1,1286.04,3,3,3,9,Loyal
C61618,464,1,488.8,2,3,2,7,At Risk
C61668,413,1,139.28,3,3,1,7,Loyal
C61773,638,1,981.12,2,3,3,8,At Risk
C61849,203,1,2311.28,4,3,4,11,Champion
C61943,32,1,985.8,4,3,3,10,Champion
C61957,555,1,483.38,2,3,2,7,At Risk
C62042,779,1,1539.9,1,3,3,7,Lost Champion
C62070,111,1,176.58,4,3,1,8,Loyal
C62169,86,1,184.15,4,3,1,8,Loyal
C62277,449,1,309.88,3,3,1,7,Loyal
C62312,268,1,52.54,3,3,1,7,Loyal
C62405,194,1,460.72,4,3,2,9,Loyal
C62512,294,1,275.22,3,3,1,7,Loyal
C62557,900,1,1232.64,1,3,3,7,Lost Champion
C62622,95,1,562.61,4,3,2,9,Loyal
C62627,836,1,41.09,1,3,1,5,Lost Champion
C62656,157,1,873.72,4,3,3,10,Champion
C62661,750,1,1147.11,1,3,3,7,Lost Champion
C62666,516,1,322.5,2,3,1,6,At Risk
C62740,855,1,424.4,1,3,2,6,Lost Champion
C63018,9,1,38.49,4,3,1,8,Loyal
C63150,256,1,410.91,3,3,1,7,Loyal
C63153,637,1,2199.04,2,3,4,9,At Risk
C63365,697,1,1098.9,1,3,3,7,Lost Champion
C63372,476,1,2428.55,2,3,4,9,At Risk
C63378,439,1,512.39,3,3,2,8,Loyal
C63619,435,1,1857.63,3,3,4,10,Loyal
C63657,123,1,1274.67,4,3,3,10,Champion
C63727,186,1,724.28,4,3,2,9,Loyal
C63822,584,1,507.56,2,3,2,7,At Risk
C63827,26,1,1974.92,4,3,4,11,Champion
C64128,142,1,284.64,4,3,1,8,Loyal
C64160,673,1,330.98,2,3,1,6,At Risk
C64502,364,1,1600.05,3,3,4,10,Loyal
C64516,713,1,1517.37,1,3,3,7,Lost Champion
C64549,677,1,1006.1,2,3,3,8,At Risk
C64554,670,1,410.52,2,3,1,6,At Risk
C64579,144,1,234.37,4,3,1,8,Loyal
C64638,856,1,527.57,1,3,2,6,Lost Champion
C64641,541,1,2119.65,2,3,4,9,At Risk
C64753,313,1,1050.08,3,3,3,9,Loyal
C64935,298,1,304.11,3,3,1,7,Loyal
C65021,423,1,809.92,3,3,2,8,Loyal
C65056,10,1,2129.96,4,3,4,11,Champion
C65083,133,1,2631.16,4,3,4,11,Champion
C65107,296,1,70.24,3,3,1,7,Loyal
C65180,453,1,858.16,3,3,3,9,Loyal
C65251,281,1,1168.35,3,3,3,9,Loyal
C65414,91,1,595.42,4,3,2,9,Loyal
C65497,591,1,163.32,2,3,1,6,At Risk
C65524,162,1,1919.1,4,3,4,11,Champion
C65565,504,1,402.15,2,3,1,6,At Risk
C65744,336,1,582.04,3,3,2,8,Loyal
C65799,543,1,2260.8,2,3,4,9,At Risk
C65890,540,1,1577.85,2,3,3,8,At Risk
C65905,531,1,950.4,2,3,3,8,At Risk
C65986,365,1,3352.4,3,3,4,10,Loyal
C66078,638,1,1101.12,2,3,3,8,At Risk
C66093,734,1,2595.64,1,3,4,8,Lost Champion
C66112,494,1,1866.8,2,3,4,9,At Risk
C66116,102,1,322.45,4,3,1,8,Loyal
C66149,200,1,1537.28,4,3,3,10,Champion
C66196,276,1,796.9,3,3,2,8,Loyal
C66254,437,1,515.32,3,3,2,8,Loyal
C66332,844,1,1907.94,1,3,4,8,Lost Champion
C66349,849,1,565.85,1,3,2,6,Lost Champion
C66438,387,1,90.27,3,3,1,7,Loyal
C66462,895,1,1739.6,1,3,4,8,Lost Champion
C66521,383,1,1600.28,3,3,4,10,Loyal
C66567,377,1,79.02,3,3,1,7,Loyal
C66840,625,1,2313.08,2,3,4,9,At Risk
C66906,432,1,518.64,3,3,2,8,Loyal
C67195,906,1,2306.08,1,3,4,8,Lost Champion
C67260,791,1,3390.8,1,3,4,8,Lost Champion
C67387,26,1,1418.65,4,3,3,10,Champion
C67528,219,1,1185.12,4,3,3,10,Champion
C67533,468,1,26.95,2,3,1,6,At Risk
C67551,409,1,1955.12,3,3,4,10,Loyal
C67561,840,1,1660.56,1,3,4,8,Lost Champion
C67583,21,1,338.31,4,3,1,8,Loyal
C67604,526,1,279.38,2,3,1,6,At Risk
C67687,723,1,868.6,1,3,3,7,Lost Champion
C67818,586,1,442.39,2,3,2,7,At Risk
C67870,509,1,1648.8,2,3,4,9,At Risk
C67932,194,1,514.98,4,3,2,9,Loyal
C67936,258,1,1072.5,3,3,3,9,Loyal
C68078,860,1,987.76,1,3,3,7,Lost Champion
C68266,340,1,1960.89,3,3,4,10,Loyal
C68508,357,1,123.28,3,3,1,7,Loyal
C68553,100,1,742.41,4,3,2,9,Loyal
C68609,252,1,1330.32,3,3,3,9,Loyal
C68936,809,1,1662.75,1,3,4,8,Lost Champion
C68937,867,1,850.06,1,3,3,7,Lost Champion
C68976,34,1,868.25,4,3,3,10,Champion
C69009,694,1,2280.3,2,3,4,9,At Risk
C69021,828,1,1874.52,1,3,4,8,Lost Champion
C69149,626,1,1062.98,2,3,3,8,At Risk
C69167,620,1,165.03,2,3,1,6,At Risk
C69168,680,1,21.19,2,3,1,6,At Risk
C69213,297,1,2579.84,3,3,4,10,Loyal
C69332,773,1,1695.75,1,3,4,8,Lost Champion
C69396,108,1,1808.25,4,3,4,11,Champion
C69471,263,1,1448.24,3,3,3,9,Loyal
C69476,903,1,996.28,1,3,3,7,Lost Champion
C69542,525,1,422.54,2,3,2,7,At Risk
C69994,7,1,2332.1,4,3,4,11,Champion
C70010,22,1,1153.85,4,3,3,10,Champion
C70148,727,1,2647.75,1,3,4,8,Lost Champion
C70246,705,1,476.22,1,3,2,6,Lost Champion
C70315,597,1,2024.44,2,3,4,9,At Risk
C70352,141,1,626.6,4,3,2,9,Loyal
C70412,13,1,2313.12,4,3,4,11,Champion
C70426,11,1,672.64,4,3,2,9,Loyal
C70437,585,1,2620.72,2,3,4,9,At Risk
C70452,367,1,1265.28,3,3,3,9,Loyal
C70492,77,1,1984.0,4,3,4,11,Champion
C70495,389,1,114.14,3,3,1,7,Loyal
C70506,857,1,454.23,1,3,2,6,Lost Champion
C70529,775,1,105.92,1,3,1,5,Lost Champion
C70554,85,1,418.35,4,3,2,9,Loyal
C70566,551,1,2682.9,2,3,4,9,At Risk
C70613,893,1,2323.7,1,3,4,8,Lost Champion
C70633,450,1,367.34,3,3,1,7,Loyal
C70659,122,2,1853.96,4,4,4,12,Champion
C70921,899,1,457.08,1,3,2,6,Lost Champion
C70999,440,1,433.32,3,3,2,8,Loyal
C71035,332,1,436.77,3,3,2,8,Loyal
C71040,829,1,1739.4,1,3,4,8,Lost Champion
C71076,595,1,511.98,2,3,2,7,At Risk
C71122,803,1,634.4,1,3,2,6,Lost Champion
C71310,389,1,2922.3,3,3,4,10,Loyal
C71471,412,1,595.54,3,3,2,8,Loyal
C71473,391,1,1709.2,3,3,4,10,Loyal
C71486,691,1,1407.96,2,3,3,8,At Risk
C71570,195,1,2137.92,4,3,4,11,Champion
C71680,366,1,2270.28,3,3,4,10,Loyal
C71698,45,1,2446.85,4,3,4,11,Champion
C71797,52,1,1857.16,4,3,4,11,Champion
C71899,646,1,2004.99,2,3,4,9,At Risk
C72007,489,1,1298.55,2,3,3,8,At Risk
C72043,392,1,394.53,3,3,1,7,Loyal
C72166,506,1,314.38,2,3,1,6,At Risk
C72241,793,1,2709.48,1,3,4,8,Lost Champion
C72290,250,1,556.2,3,3,2,8,Loyal
C72293,594,1,688.02,2,3,2,7,At Risk
C72533,197,1,376.76,4,3,1,8,Loyal
C72588,421,1,1574.7,3,3,3,9,Loyal
C72596,172,1,770.32,4,3,2,9,Loyal
C72649,909,1,2853.1,1,3,4,8,Lost Champion
C72664,297,1,627.15,3,3,2,8,Loyal
C72862,905,1,84.8,1,3,1,5,Lost Champion
C73225,71,1,1100.36,4,3,3,10,Champion
C73289,390,1,1945.77,3,3,4,10,Loyal
C73370,430,1,44.35,3,3,1,7,Loyal
C73514,662,1,1395.15,2,3,3,8,At Risk
C73575,901,1,3219.45,1,3,4,8,Lost Champion
C73587,712,1,1632.84,1,3,4,8,Lost Champion
C73629,282,1,265.64,3,3,1,7,Loyal
C73813,852,1,445.2,1,3,2,6,Lost Champion
C73873,761,1,661.38,1,3,2,6,Lost Champion
C73893,618,1,1638.4,2,3,4,9,At Risk
C73941,850,1,1250.44,1,3,3,7,Lost Champion
C73961,720,1,530.24,1,3,2,6,Lost Champion
C73996,444,1,287.64,3,3,1,7,Loyal
C73999,758,1,375.76,1,3,1,5,Lost Champion
C74003,827,1,1221.28,1,3,3,7,Lost Champion
C74005,755,1,2240.75,1,3,4,8,Lost Champion
C74138,560,1,196.94,2,3,1,6,At Risk
C74169,902,1,310.93,1,3,1,5,Lost Champion
C74359,7,1,1841.25,4,3,4,11,Champion
C74499,775,1,744.46,1,3,2,6,Lost Champion
C74519,617,1,945.81,2,3,3,8,At Risk
C74562,436,1,220.77,3,3,1,7,Loyal
C74866,865,1,1994.37,1,3,4,8,Lost Champion
C74928,344,1,612.48,3,3,2,8,Loyal
C74982,724,1,2042.8,1,3,4,8,Lost Champion
C75018,762,1,2007.18,1,3,4,8,Lost Champion
C75439,26,1,344.43,4,3,1,8,Loyal
C75456,373,1,276.66,3,3,1,7,Loyal
C75619,633,1,742.58,2,3,2,7,At Risk
C75739,312,1,302.7,3,3,1,7,Loyal
C75888,568,1,1346.7,2,3,3,8,At Risk
C76140,757,1,826.4,1,3,2,6,Lost Champion
C76207,800,1,2606.25,1,3,4,8,Lost Champion
C76362,547,1,709.5,2,3,2,7,At Risk
C76653,845,1,1539.4,1,3,3,7,Lost Champion
C76675,634,1,1991.79,2,3,4,9,At Risk
C76700,113,1,623.82,4,3,2,9,Loyal
C76761,830,1,470.04,1,3,2,6,Lost Champion
C76766,350,1,2512.48,3,3,4,10,Loyal
C76929,627,1,356.81,2,3,1,6,At Risk
C77046,891,1,741.64,1,4,2,7,Lost Champion
C77085,217,1,1050.32,4,4,3,11,Champion
C77122,309,1,438.37,3,4,2,9,Loyal
C77166,418,1,741.33,3,4,2,9,Loyal
C77272,155,1,2492.4,4,4,4,12,Champion
C77344,358,1,343.31,3,4,1,8,Loyal
C77357,129,1,474.6,4,4,2,10,Loyal
C77363,480,1,96.81,2,4,1,7,At Risk
C77499,724,1,547.44,1,4,2,7,Lost Champion
C77736,180,1,798.08,4,4,2,10,Loyal
C77763,764,1,1508.31,1,4,3,8,Lost Champion
C77800,179,1,1378.02,4,4,3,11,Champion
C77872,533,1,1027.18,2,4,3,9,At Risk
C77961,108,1,1087.59,4,4,3,11,Champion
C78170,143,1,341.7,4,4,1,9,Loyal
C78305,55,1,1092.42,4,4,3,11,Champion
C78500,193,1,2512.35,4,4,4,12,Champion
C78684,407,1,1765.32,3,4,4,11,Loyal
C78724,808,1,1266.39,1,4,3,8,Lost Champion
C78725,30,1,1880.36,4,4,4,12,Champion
C78959,756,1,632.4,1,4,2,7,Lost Champion
C79142,817,1,569.96,1,4,2,7,Lost Champion
C79475,450,1,2542.95,3,4,4,11,Loyal
C79506,714,1,746.34,1,4,2,7,Lost Champion
C79508,388,1,135.17,3,4,1,8,Loyal
C79533,447,1,3008.6,3,4,4,11,Loyal
C79674,719,1,873.68,1,4,3,8,Lost Champion
C79722,681,1,1382.2,2,4,3,9,At Risk
C79821,871,1,531.18,1,4,2,7,Lost Champion
C79842,217,1,945.64,4,4,3,11,Champion
C79909,697,1,137.62,1,4,1,6,Lost Champion
C80004,591,1,2052.42,2,4,4,10,At Risk
C80135,674,1,1107.55,2,4,3,9,At Risk
C80151,3,1,1723.32,4,4,4,12,Champion
C80183,567,1,365.57,2,4,1,7,At Risk
C80223,88,1,2651.76,4,4,4,12,Champion
C80416,448,1,1087.15,3,4,3,10,Loyal
C80649,59,1,312.11,4,4,1,9,Loyal
C80651,644,1,1194.51,2,4,3,9,At Risk
C80735,605,1,130.14,2,4,1,7,At Risk
C80868,776,1,1420.47,1,4,3,8,Lost Champion
C80872,322,1,1984.3,3,4,4,11,Loyal
C80987,116,1,132.05,4,4,1,9,Loyal
C81074,495,1,157.72,2,4,1,7,At Risk
C81192,231,1,1939.02,4,4,4,12,Champion
C81319,101,1,1342.15,4,4,3,11,Champion
C81366,912,1,410.6,1,4,1,6,Lost Champion
C81370,187,1,2532.25,4,4,4,12,Champion
C81547,522,1,510.52,2,4,2,8,At Risk
C81573,208,1,36.65,4,4,1,9,Loyal
C81726,739,1,2161.36,1,4,4,9,Lost Champion
C81728,490,1,2753.4,2,4,4,10,At Risk
C81840,54,1,2504.04,4,4,4,12,Champion
C81857,379,1,1127.64,3,4,3,10,Loyal
C81882,600,1,463.92,2,4,2,8,At Risk
C82068,890,1,408.13,1,4,1,6,Lost Champion
C82217,271,1,1717.48,3,4,4,11,Loyal
C82313,705,1,197.58,1,4,1,6,Lost Champion
C82318,492,1,528.06,2,4,2,8,At Risk
C82344,233,1,2028.63,4,4,4,12,Champion
C82399,487,1,158.68,2,4,1,7,At Risk
C82550,678,1,667.66,2,4,2,8,At Risk
C82685,780,1,475.98,1,4,2,7,Lost Champion
C82781,803,1,109.68,1,4,1,6,Lost Champion
C82858,677,1,593.91,2,4,2,8,At Risk
C82921,270,1,208.36,3,4,1,8,Loyal
C82990,911,1,300.1,1,4,1,6,Lost Champion
C83026,814,1,1686.9,1,4,4,9,Lost Champion
C83223,439,1,650.84,3,4,2,9,Loyal
C83492,14,1,664.42,4,4,2,10,Loyal
C83548,268,1,144.25,3,4,1,8,Loyal
C83556,514,1,1059.16,2,4,3,9,At Risk
C83653,791,1,925.04,1,4,3,8,Lost Champion
C83911,12,1,2799.52,4,4,4,12,Champion
C84041,141,1,1001.6,4,4,3,11,Champion
C84115,383,1,1362.87,3,4,3,10,Loyal
C84134,100,1,2772.28,4,4,4,12,Champion
C84320,626,1,208.95,2,4,1,7,At Risk
C84329,97,1,431.44,4,4,2,10,Loyal
C84331,500,1,3223.2,2,4,4,10,At Risk
C84480,75,1,2342.55,4,4,4,12,Champion
C84524,380,1,2071.92,3,4,4,11,Loyal
C84563,447,1,472.66,3,4,2,9,Loyal
C84570,210,1,120.2,4,4,1,9,Loyal
C84630,905,1,2592.75,1,4,4,9,Lost Champion
C84645,62,1,822.98,4,4,2,10,Loyal
C84700,902,1,1599.85,1,4,3,8,Lost Champion
C84766,681,1,688.04,2,4,2,8,At Risk
C84834,461,1,409.02,3,4,1,8,Loyal
C84888,802,1,51.73,1,4,1,6,Lost Champion
C84908,154,1,420.26,4,4,2,10,Loyal
C85018,237,1,824.25,3,4,2,9,Loyal
C85059,795,1,987.4,1,4,3,8,Lost Champion
C85074,111,1,934.8,4,4,3,11,Champion
C85282,585,1,3143.7,2,4,4,10,At Risk
C85322,792,1,813.06,1,4,2,7,Lost Champion
C85330,121,1,1140.45,4,4,3,11,Champion
C85421,267,1,1641.45,3,4,4,11,Loyal
C85466,256,1,441.87,3,4,2,9,Loyal
C85520,663,1,1862.64,2,4,4,10,At Risk
C85841,885,1,2597.88,1,4,4,9,Lost Champion
C85863,493,1,397.44,2,4,1,7,At Risk
C85929,486,1,440.73,2,4,2,8,At Risk
C85993,688,1,2189.28,2,4,4,10,At Risk
C86064,726,1,834.12,1,4,2,7,Lost Champion
C86266,342,1,1618.32,3,4,4,11,Loyal
C86374,664,1,1363.85,2,4,3,9,At Risk
C86408,865,1,84.28,1,4,1,6,Lost Champion
C86481,727,1,171.59,1,4,1,6,Lost Champion
C86524,594,1,732.46,2,4,2,8,At Risk
C86762,256,1,2043.65,3,4,4,11,Loyal
C86773,753,1,789.44,1,4,2,7,Lost Champion
C86864,74,1,92.72,4,4,1,9,Loyal
C87011,864,1,101.16,1,4,1,6,Lost Champion
C87051,767,1,72.31,1,4,1,6,Lost Champion
C87124,441,1,198.51,3,4,1,8,Loyal
C87181,705,1,2619.16,1,4,4,9,Lost Champion
C87216,836,1,1580.35,1,4,3,8,Lost Champion
C87281,519,1,3243.25,2,4,4,10,At Risk
C87432,11,1,1208.2,4,4,3,11,Champion
C87448,755,1,450.07,1,4,2,7,Lost Champion
C87524,159,1,625.0,4,4,2,10,Loyal
C87529,22,1,987.64,4,4,3,11,Champion
C87547,166,1,380.12,4,4,1,9,Loyal
C87687,568,1,1137.21,2,4,3,9,At Risk
C87764,491,1,206.82,2,4,1,7,At Risk
C87777,266,1,816.64,3,4,2,9,Loyal
C87994,635,1,2392.76,2,4,4,10,At Risk
C87995,301,1,1925.92,3,4,4,11,Loyal
C88029,17,1,3277.75,4,4,4,12,Champion
C88036,891,1,1571.35,1,4,3,8,Lost Champion
C88075,477,1,2651.7,2,4,4,10,At Risk
C88174,550,1,18.2,2,4,1,7,At Risk
C88205,377,1,3215.15,3,4,4,11,Loyal
C88304,766,1,768.28,1,4,2,7,Lost Champion
C88348,671,1,604.47,2,4,2,8,At Risk
C88370,813,1,279.9,1,4,1,6,Lost Champion
C88371,188,1,1132.64,4,4,3,11,Champion
C88463,866,1,2539.7,1,4,4,9,Lost Champion
C88546,513,1,813.84,2,4,2,8,At Risk
C88644,856,1,392.61,1,4,1,6,Lost Champion
C88645,474,1,1751.16,2,4,4,10,At Risk
C88775,681,1,1989.05,2,4,4,10,At Risk
C88933,906,1,92.04,1,4,1,6,Lost Champion
C88981,879,1,2445.04,1,4,4,9,Lost Champion
C89336,832,1,92.79,1,4,1,6,Lost Champion
C89559,815,1,662.84,1,4,2,7,Lost Champion
C89592,622,1,2547.9,2,4,4,10,At Risk
C89674,164,1,1151.66,4,4,3,11,Champion
C89732,434,1,406.22,3,4,1,8,Loyal
C89822,579,1,410.78,2,4,1,7,At Risk
C89979,376,1,3170.0,3,4,4,11,Loyal
C90110,10,1,418.36,4,4,2,10,Loyal
C90132,741,1,1304.65,1,4,3,8,Lost Champion
C90142,342,1,334.39,3,4,1,8,Loyal
C90292,799,1,1105.28,1,4,3,8,Lost Champion
C90310,202,1,762.56,4,4,2,10,Loyal
C90318,147,1,1259.12,4,4,3,11,Champion
C90348,462,1,899.0,3,4,3,10,Loyal
C90350,774,1,367.34,1,4,1,6,Lost Champion
C90363,387,1,3044.55,3,4,4,11,Loyal
C90431,8,1,844.68,4,4,3,11,Champion
C90573,708,1,438.93,1,4,2,7,Lost Champion
C90595,109,1,391.45,4,4,1,9,Loyal
C90612,519,1,1103.25,2,4,3,9,At Risk
C90757,575,1,1979.36,2,4,4,10,At Risk
C90852,770,1,1725.03,1,4,4,9,Lost Champion
C90898,331,1,1491.95,3,4,3,10,Loyal
C90993,388,1,153.12,3,4,1,8,Loyal
C91029,545,1,2131.48,2,4,4,10,At Risk
C91099,237,1,1025.3,3,4,3,10,Loyal
C91103,745,1,1023.44,1,4,3,8,Lost Champion
C91123,66,1,1202.24,4,4,3,11,Champion
C91155,296,2,704.8199999999999,3,4,2,9,Loyal
C91201,488,1,93.0,2,4,1,7,At Risk
C91245,264,1,675.33,3,4,2,9,Loyal
C91255,442,1,851.1,3,4,3,10,Loyal
C91454,891,1,557.76,1,4,2,7,Lost Champion
C91486,681,1,268.32,2,4,1,7,At Risk
C91518,309,1,759.15,3,4,2,9,Loyal
C91582,871,1,1949.79,1,4,4,9,Lost Champion
C91591,44,1,2609.92,4,4,4,12,Champion
C91805,750,1,1819.23,1,4,4,9,Lost Champion
C91941,746,1,1188.0,1,4,3,8,Lost Champion
C92049,638,1,2666.08,2,4,4,10,At Risk
C92086,144,1,749.2,4,4,2,10,Loyal
C92180,609,1,977.8,2,4,3,9,At Risk
C92294,275,1,1225.4,3,4,3,10,Loyal
C92407,731,1,1672.23,1,4,4,9,Lost Champion
C92548,513,1,1132.25,2,4,3,9,At Risk
C92575,274,1,2464.7,3,4,4,11,Loyal
C92788,346,1,243.71,3,4,1,8,Loyal
C93007,395,1,465.66,3,4,2,9,Loyal
C93175,47,1,58.76,4,4,1,9,Loyal
C93220,607,1,730.34,2,4,2,8,At Risk
C93276,835,1,1652.25,1,4,4,9,Lost Champion
C93309,84,1,1821.4,4,4,4,12,Champion
C93375,339,1,446.16,3,4,2,9,Loyal
C93379,818,1,128.85,1,4,1,6,Lost Champion
C93467,406,1,2219.32,3,4,4,11,Loyal
C93473,494,1,3196.85,2,4,4,10,At Risk
C93618,109,1,603.63,4,4,2,10,Loyal
C93768,411,1,972.9,3,4,3,10,Loyal
C93821,208,1,1075.44,4,4,3,11,Champion
C93861,500,1,147.42,2,4,1,7,At Risk
C93948,250,1,336.87,3,4,1,8,Loyal
C94037,7,1,510.28,4,4,2,10,Loyal
C94248,136,1,64.66,4,4,1,9,Loyal
C94257,698,1,1394.38,1,4,3,8,Lost Champion
C94311,346,1,2740.8,3,4,4,11,Loyal
C94323,1,1,379.05,4,4,1,9,Loyal
C94381,884,1,1216.08,1,4,3,8,Lost Champion
C94479,736,1,314.05,1,4,1,6,Lost Champion
C94508,368,1,176.28,3,4,1,8,Loyal
C94568,800,1,1939.4,1,4,4,9,Lost Champion
C94569,375,2,1675.3500000000001,3,4,4,11,Loyal
C94595,563,1,247.64,2,4,1,7,At Risk
C94658,285,1,886.44,3,4,3,10,Loyal
C94671,281,1,167.15,3,4,1,8,Loyal
C94698,393,1,586.62,3,4,2,9,Loyal
C94921,784,1,438.2,1,4,2,7,Lost Champion
C95100,489,1,627.2,2,4,2,8,At Risk
C95213,872,1,1806.72,1,4,4,9,Lost Champion
C95269,842,1,389.7,1,4,1,6,Lost Champion
C95271,55,1,927.66,4,4,3,11,Champion
C95568,701,1,973.41,1,4,3,8,Lost Champion
C95623,117,1,1870.02,4,4,4,12,Champion
C95643,753,1,2426.28,1,4,4,9,Lost Champion
C95667,223,1,463.08,4,4,2,10,Loyal
C95856,768,1,1279.76,1,4,3,8,Lost Champion
C95901,464,1,1993.38,2,4,4,10,At Risk
C95984,7,1,1033.2,4,4,3,11,Champion
C96034,759,1,121.08,1,4,1,6,Lost Champion
C96136,318,1,1946.1,3,4,4,11,Loyal
C96257,826,1,1803.0,1,4,4,9,Lost Champion
C96261,27,1,970.74,4,4,3,11,Champion
C96283,708,1,924.03,1,4,3,8,Lost Champion
C96434,31,1,2536.2,4,4,4,12,Champion
C96494,701,1,179.22,1,4,1,6,Lost Champion
C96583,282,1,139.36,3,4,1,8,Loyal
C96595,634,1,1719.66,2,4,4,10,At Risk
C96636,133,1,39.56,4,4,1,9,Loyal
C96664,124,1,769.38,4,4,2,10,Loyal
C96695,149,1,564.86,4,4,2,10,Loyal
C96787,442,1,1066.04,3,4,3,10,Loyal
C96822,882,1,989.56,1,4,3,8,Lost Champion
C97148,338,1,1135.16,3,4,3,10,Loyal
C97187,730,1,670.54,1,4,2,7,Lost Champion
C97218,116,1,2300.7,4,4,4,12,Champion
C97262,899,1,1724.04,1,4,4,9,Lost Champion
C97454,522,1,698.8,2,4,2,8,At Risk
C97485,611,1,915.64,2,4,3,9,At Risk
C97593,495,2,2855.2200000000003,2,4,4,10,At Risk
C97603,293,1,2373.08,3,4,4,11,Loyal
C97643,842,1,2051.0,1,4,4,9,Lost Champion
C97681,24,1,2166.3,4,4,4,12,Champion
C97715,108,1,727.82,4,4,2,10,Loyal
C97735,549,1,408.5,2,4,1,7,At Risk
C97749,329,1,1026.06,3,4,3,10,Loyal
C97774,156,1,1807.88,4,4,4,12,Champion
C97907,308,1,1758.63,3,4,4,11,Loyal
C98096,866,1,635.54,1,4,2,7,Lost Champion
C98168,908,1,2103.5,1,4,4,9,Lost Champion
C98216,839,1,2463.75,1,4,4,9,Lost Champion
C98276,407,1,14.06,3,4,1,8,Loyal
C98278,396,1,1241.49,3,4,3,10,Loyal
C98317,197,1,2786.84,4,4,4,12,Champion
C98332,885,1,1316.67,1,4,3,8,Lost Champion
C98354,765,1,151.02,1,4,1,6,Lost Champion
C98450,348,1,357.64,3,4,1,8,Loyal
C98474,393,2,2175.34,3,4,4,11,Loyal
C98483,446,1,110.7,3,4,1,8,Loyal
C98635,83,1,538.68,4,4,2,10,Loyal
C98761,613,1,1994.04,2,4,4,10,At Risk
C99023,226,1,1371.8,4,4,3,11,Champion
C99024,219,1,684.65,4,4,2,10,Loyal
C99050,94,1,1201.14,4,4,3,11,Champion
C99116,785,1,2746.44,1,4,4,9,Lost Champion
C99128,304,1,138.33,3,4,1,8,Loyal
C99173,161,1,1070.52,4,4,3,11,Champion
C99205,3,1,1024.66,4,4,3,11,Champion
C99214,9,1,97.86,4,4,1,9,Loyal
C99217,578,1,1435.65,2,4,3,9,At Risk
C99271,591,1,226.58,2,4,1,7,At Risk
C99533,833,1,678.01,1,4,2,7,Lost Champion
C99589,7,1,641.39,4,4,2,10,Loyal
C99683,159,1,1663.2,4,4,4,12,Champion
C99775,665,1,1654.84,2,4,4,10,At Risk
C99879,475,1,821.88,2,4,2,8,At Risk
C99904,69,1,646.74,4,4,2,10,Loyal
